-- MySQL dump 10.13  Distrib 5.1.73, for unknown-linux-gnu (x86_64)
--
-- Host: localhost    Database: qdm192808596_db
-- ------------------------------------------------------
-- Server version	5.1.73

/*!40101 SET @OLD_CHARACTER_SET_CLIENT=@@CHARACTER_SET_CLIENT */;
/*!40101 SET @OLD_CHARACTER_SET_RESULTS=@@CHARACTER_SET_RESULTS */;
/*!40101 SET @OLD_COLLATION_CONNECTION=@@COLLATION_CONNECTION */;
/*!40101 SET NAMES utf8 */;
/*!40103 SET @OLD_TIME_ZONE=@@TIME_ZONE */;
/*!40103 SET TIME_ZONE='+00:00' */;
/*!40014 SET @OLD_UNIQUE_CHECKS=@@UNIQUE_CHECKS, UNIQUE_CHECKS=0 */;
/*!40014 SET @OLD_FOREIGN_KEY_CHECKS=@@FOREIGN_KEY_CHECKS, FOREIGN_KEY_CHECKS=0 */;
/*!40101 SET @OLD_SQL_MODE=@@SQL_MODE, SQL_MODE='NO_AUTO_VALUE_ON_ZERO' */;
/*!40111 SET @OLD_SQL_NOTES=@@SQL_NOTES, SQL_NOTES=0 */;

--
-- Table structure for table `msg_info`
--

DROP TABLE IF EXISTS `msg_info`;
/*!40101 SET @saved_cs_client     = @@character_set_client */;
/*!40101 SET character_set_client = utf8 */;
CREATE TABLE `msg_info` (
  `Msg_ID` int(11) NOT NULL AUTO_INCREMENT,
  `Stu_NO` int(11) NOT NULL,
  `Role_ID` char(4) NOT NULL,
  `Res_ID` int(11) unsigned NOT NULL,
  `Res_STATUS` int(1) unsigned NOT NULL,
  `Msg_STATUS` tinyint(1) NOT NULL,
  `Msg_DT` timestamp NULL DEFAULT NULL,
  `Msg_TEXT` text,
  PRIMARY KEY (`Msg_ID`,`Res_ID`),
  KEY `Res_ID` (`Res_ID`) USING BTREE,
  KEY `Res_STATUS` (`Res_STATUS`) USING BTREE,
  KEY `Stu_NO` (`Stu_NO`),
  CONSTRAINT `Res_ID` FOREIGN KEY (`Res_ID`) REFERENCES `res_info` (`Res_ID`) ON DELETE NO ACTION ON UPDATE CASCADE,
  CONSTRAINT `Stu_NO` FOREIGN KEY (`Stu_NO`) REFERENCES `user_stu` (`Stu_NO`) ON DELETE NO ACTION ON UPDATE CASCADE
) ENGINE=InnoDB AUTO_INCREMENT=69 DEFAULT CHARSET=gbk;
/*!40101 SET character_set_client = @saved_cs_client */;

--
-- Dumping data for table `msg_info`
--

LOCK TABLES `msg_info` WRITE;
/*!40000 ALTER TABLE `msg_info` DISABLE KEYS */;
INSERT INTO `msg_info` VALUES (1,1623410006,'CLA',1,1,1,'2017-06-06 00:45:20','您已成功找回遗失的物品！'),(2,1234567890,'CP',1,1,1,'2017-06-06 00:45:20','您捡到的物品已成功交还给失主！'),(3,1623410006,'CLA',3,1,1,'2017-06-06 00:49:07','您已成功提交认领申请！'),(4,1234567890,'CP',3,1,1,'2017-06-06 00:49:07','您发布的信息有人认领了！'),(5,1234567890,'CLA',4,1,1,'2017-06-06 01:00:03','您已成功找回遗失的物品！'),(6,1623410006,'CP',4,1,1,'2017-06-06 01:00:03','您捡到的物品已成功交还给失主！'),(7,1623100018,'CLA',2,0,1,'2017-06-13 00:46:34','认领申请已取消！'),(8,1623410006,'CP',2,1,0,'2017-06-06 01:39:04','您发布的信息有人认领了！'),(9,1623100019,'CLA',5,0,1,'2017-06-13 01:17:29','认领申请已取消！'),(10,1623100018,'CP',5,1,1,'2017-06-12 15:51:52','您发布的信息有人认领了！'),(11,1623100019,'CLA',9,0,1,'2017-06-06 01:53:09','认领申请已取消！'),(12,1623100020,'CP',9,1,1,'2017-06-06 01:52:50','您发布的信息有人认领了！'),(13,1623100020,'CLA',10,1,1,'2017-06-06 01:55:28','您已成功找回遗失的物品！'),(14,1623100019,'CP',10,1,1,'2017-06-06 01:55:28','您捡到的物品已成功交还给失主！'),(15,1623100019,'CLA',7,1,1,'2017-06-06 01:55:36','您已成功找回遗失的物品！'),(16,1623100020,'CP',7,1,1,'2017-06-06 01:55:36','您捡到的物品已成功交还给失主！'),(17,1234567890,'CLA',6,1,1,'2017-06-06 02:17:39','您已成功找回遗失的物品！'),(18,1623100020,'CP',6,1,1,'2017-06-06 02:17:39','您捡到的物品已成功交还给失主！'),(19,1234567890,'CLA',8,0,1,'2017-06-06 02:06:39','认领申请已取消！'),(20,1623100020,'CP',8,1,1,'2017-06-06 02:06:21','您发布的信息有人认领了！'),(21,1234567890,'CLA',9,0,1,'2017-06-06 02:10:18','认领申请已取消！'),(22,1623100020,'CP',9,1,1,'2017-06-06 02:07:08','您发布的信息有人认领了！'),(23,1234567890,'CLA',8,0,1,'2017-06-06 02:11:24','认领申请已取消！'),(24,1623100020,'CP',8,1,1,'2017-06-06 02:10:30','您发布的信息有人认领了！'),(25,1234567890,'CLA',8,1,1,'2017-06-21 01:24:56','您已成功找回遗失的物品！'),(26,1623100020,'CP',8,1,0,'2017-06-21 01:24:56','您捡到的物品已成功交还给失主！'),(27,1234567890,'CLA',9,2,1,'2017-06-13 00:45:50','您已找回遗失的物品了吗？'),(28,1623100020,'CP',9,1,1,'2017-06-06 02:14:19','您发布的信息有人认领了！'),(29,1523100008,'CLA',12,1,1,'2017-06-12 15:08:32','您已成功提交认领申请！'),(30,1623100019,'CP',12,1,1,'2017-06-12 15:08:32','您发布的信息有人认领了！'),(31,1234567890,'CLA',13,0,1,'2017-06-13 00:33:26','认领申请已取消！'),(32,1623100019,'CP',13,1,1,'2017-06-13 00:32:51','您发布的信息有人认领了！'),(33,1623410006,'CLA',5,1,0,'2017-06-13 00:55:42','您已成功提交认领申请！'),(34,1623100018,'CP',5,1,1,'2017-06-13 00:55:42','您发布的信息有人认领了！'),(35,1523100008,'CLA',15,2,1,'2017-06-13 01:21:11','您已找回遗失的物品了吗？'),(36,1623100018,'CP',15,1,1,'2017-06-13 01:20:04','您发布的信息有人认领了！'),(37,1623100000,'CLA',14,1,1,'2017-06-13 01:27:49','您已成功提交认领申请！'),(38,1623100019,'CP',14,1,1,'2017-06-13 01:27:49','您发布的信息有人认领了！'),(39,1623410001,'CLA',14,0,1,'2017-06-26 12:01:10','认领申请已取消！'),(40,1623100019,'CP',14,1,1,'2017-06-26 10:52:04','您发布的信息有人认领了！'),(41,1523100008,'CLA',16,1,1,'2017-06-26 11:12:55','您已成功提交认领申请！'),(42,1623100016,'CP',16,1,1,'2017-06-26 11:12:55','您发布的信息有人认领了！'),(43,1234567890,'CLA',5,1,1,'2017-06-26 14:20:44','您已成功找回遗失的物品！'),(44,1623100018,'CP',5,1,0,'2017-06-26 14:20:44','您捡到的物品已成功交还给失主！'),(45,1623100018,'CLA',17,1,1,'2017-06-26 11:30:42','您已成功找回遗失的物品！'),(46,1523100008,'CP',17,1,0,'2017-06-26 11:30:42','您捡到的物品已成功交还给失主！'),(47,1623100000,'CLA',2,1,0,'2017-06-26 11:23:33','您已成功提交认领申请！'),(48,1623410006,'CP',2,1,0,'2017-06-26 11:23:33','您发布的信息有人认领了！'),(49,1623410001,'CLA',18,0,1,'2017-06-26 12:01:03','认领申请已取消！'),(50,1623100019,'CP',18,1,1,'2017-06-26 11:51:44','您发布的信息有人认领了！'),(51,1623410001,'CLA',19,0,0,'2017-06-26 12:00:57','认领申请已取消！'),(52,1623100016,'CP',19,1,1,'2017-06-26 12:00:18','您发布的信息有人认领了！'),(53,1623410001,'CLA',19,1,1,'2017-06-26 12:11:20','您已成功找回遗失的物品！'),(54,1623100016,'CP',19,1,1,'2017-06-26 12:11:20','您捡到的物品已成功交还给失主！'),(55,1523100008,'CLA',20,1,0,'2017-06-26 12:31:05','您已成功找回遗失的物品！'),(56,1623100018,'CP',20,1,0,'2017-06-26 12:31:05','您捡到的物品已成功交还给失主！'),(57,1623100016,'CLA',21,1,1,'2017-06-26 12:44:02','您已成功找回遗失的物品！'),(58,1623410001,'CP',21,1,1,'2017-06-26 12:44:02','您捡到的物品已成功交还给失主！'),(59,1623410001,'CLA',18,1,1,'2017-06-26 12:52:50','您已成功提交认领申请！'),(60,1623100019,'CP',18,1,0,'2017-06-26 12:52:50','您发布的信息有人认领了！'),(61,1623100019,'CLA',11,1,0,'2017-06-26 14:00:52','您已成功提交认领申请！'),(62,1623100018,'CP',11,1,0,'2017-06-26 14:00:52','您发布的信息有人认领了！'),(63,1623100000,'CLA',14,1,0,'2017-06-27 02:48:35','您已成功提交认领申请！'),(64,1623100019,'CP',14,1,0,'2017-06-27 02:48:35','您发布的信息有人认领了！'),(65,1234567890,'CLA',13,1,1,'2017-07-06 06:00:15','您已成功提交认领申请！'),(66,1623100019,'CP',13,1,0,'2017-07-06 06:00:15','您发布的信息有人认领了！'),(67,1623410003,'CLA',23,1,1,'2018-04-28 06:55:22','您已成功提交认领申请！'),(68,1234567890,'CP',23,1,0,'2018-04-28 06:55:22','您发布的信息有人认领了！');
/*!40000 ALTER TABLE `msg_info` ENABLE KEYS */;
UNLOCK TABLES;

--
-- Table structure for table `res_class`
--

DROP TABLE IF EXISTS `res_class`;
/*!40101 SET @saved_cs_client     = @@character_set_client */;
/*!40101 SET character_set_client = utf8 */;
CREATE TABLE `res_class` (
  `Class_CODE` char(4) NOT NULL,
  `Class_NAME` varchar(128) NOT NULL,
  `Clas_DESC` varchar(255) DEFAULT NULL,
  PRIMARY KEY (`Class_CODE`)
) ENGINE=InnoDB DEFAULT CHARSET=gbk;
/*!40101 SET character_set_client = @saved_cs_client */;

--
-- Dumping data for table `res_class`
--

LOCK TABLES `res_class` WRITE;
/*!40000 ALTER TABLE `res_class` DISABLE KEYS */;
INSERT INTO `res_class` VALUES ('1001','卡类',NULL),('1002','文具',NULL),('1003','电子',NULL),('1004','生活',NULL),('1005','其它',NULL);
/*!40000 ALTER TABLE `res_class` ENABLE KEYS */;
UNLOCK TABLES;

--
-- Table structure for table `res_info`
--

DROP TABLE IF EXISTS `res_info`;
/*!40101 SET @saved_cs_client     = @@character_set_client */;
/*!40101 SET character_set_client = utf8 */;
CREATE TABLE `res_info` (
  `Res_ID` int(11) unsigned NOT NULL AUTO_INCREMENT,
  `Res_CD` char(4) NOT NULL,
  `Res_RDT` timestamp NOT NULL DEFAULT CURRENT_TIMESTAMP,
  `Res_DESC` text NOT NULL,
  `Res_CP` int(11) NOT NULL,
  `Res_P` varchar(32) NOT NULL,
  `Res_PIC` char(18) NOT NULL,
  `Res_STATUS` int(1) unsigned NOT NULL,
  `Res_CLA` int(11) DEFAULT NULL,
  `Res_CT` timestamp NULL DEFAULT NULL,
  `Res_CDT` timestamp NULL DEFAULT NULL,
  PRIMARY KEY (`Res_ID`),
  KEY `class` (`Res_CD`),
  KEY `cp` (`Res_CP`),
  KEY `cla` (`Res_CLA`),
  CONSTRAINT `cla` FOREIGN KEY (`Res_CLA`) REFERENCES `user_stu` (`Stu_NO`) ON UPDATE CASCADE,
  CONSTRAINT `class` FOREIGN KEY (`Res_CD`) REFERENCES `res_class` (`Class_CODE`) ON DELETE NO ACTION ON UPDATE CASCADE,
  CONSTRAINT `cp` FOREIGN KEY (`Res_CP`) REFERENCES `user_stu` (`Stu_NO`) ON UPDATE CASCADE
) ENGINE=InnoDB AUTO_INCREMENT=26 DEFAULT CHARSET=gbk;
/*!40101 SET character_set_client = @saved_cs_client */;

--
-- Dumping data for table `res_info`
--

LOCK TABLES `res_info` WRITE;
/*!40000 ALTER TABLE `res_info` DISABLE KEYS */;
INSERT INTO `res_info` VALUES (1,'1003','2017-06-06 00:43:06','鼠标',1234567890,'信息学院','201706060843064753',3,1623410006,'2017-06-06 00:43:54','2017-06-06 00:45:20'),(2,'1002','2017-06-06 00:47:41','眼镜盒',1623410006,'信息学院558教室','201706060847412857',1,1623100000,'2017-06-26 11:23:33',NULL),(3,'1004','2017-06-06 00:48:37','谁丢了一汪湖水',1234567890,'人间天堂','201706060848374701',1,1623410006,'2017-06-06 00:49:07',NULL),(4,'1002','2017-06-06 00:59:06','鼠标',1623410006,'信息学院','201706060859064197',3,1234567890,'2017-06-06 00:59:19','2017-06-06 01:00:03'),(5,'1001','2017-06-06 01:36:11','学号:111&姓名:小名',1623100018,'哦哦哦','201706060936115829',3,1234567890,'2017-06-26 11:13:09','2017-06-26 14:20:44'),(6,'1001','2017-06-06 01:47:18','学号:6200051348733794366&姓名:董文娟',1623100020,'食堂','201706060947188732',3,1234567890,'2017-06-06 01:59:56','2017-06-06 02:17:39'),(7,'1003','2017-06-06 01:48:23','白色手机',1623100020,'睿智5','201706060948237715',3,1623100019,'2017-06-06 01:54:35','2017-06-06 01:55:36'),(8,'1001','2017-06-06 01:49:16','学号:555555&姓名:金色',1623100020,'农民','201706060949163348',3,1234567890,'2017-06-06 02:13:32','2017-06-21 01:24:56'),(9,'1001','2017-06-06 01:51:49','学号:33333&姓名:娟儿',1623100020,'西区玉东','201706060951499911',2,1234567890,'2017-06-06 02:14:19',NULL),(10,'1004','2017-06-06 01:53:53','粥掉了',1623100019,'西区食堂','201706060953534206',1,1234567890,'2017-06-22 18:07:44','2017-06-06 01:55:28'),(11,'1003','2017-06-12 07:09:06','啊啊啊',1623100018,'呃呃呃','201706121509067319',1,1623100019,'2017-06-26 14:00:52',NULL),(12,'1001','2017-06-12 08:13:08','卡号:60135488621889&姓名:韩梅梅',1623100019,'东区食堂','201706121613087921',1,1234567890,'2017-06-22 17:53:06',NULL),(13,'1004','2017-06-12 09:00:45','白色的包',1623100019,'西区食堂捡到','201706121700456037',1,1234567890,'2017-07-06 11:53:05',NULL),(14,'1004','2017-06-13 01:04:56','钥匙一串',1623100019,'睿智5号楼518教室','201706130904563694',1,1623100000,'2017-06-27 02:48:35',NULL),(15,'1002','2017-06-13 01:18:12','花',1623100018,'寝室','201706130918126206',1,1234567890,'2017-06-22 17:51:49',NULL),(16,'1002','2017-06-26 08:54:06','小米充电宝',1623100016,'实验室','201706261654069399',1,1523100008,'2017-06-26 11:12:55',NULL),(17,'1002','2017-06-26 11:17:32','好好干',1523100008,'啦啦啦','201706261917322373',3,1623100018,'2017-06-26 11:20:08','2017-06-26 11:30:42'),(18,'1003','2017-06-26 11:18:56','黑色',1623100019,'汇学四栋','201706261918568068',1,1623410001,'2017-06-26 12:52:50',NULL),(19,'1004','2017-06-26 11:59:09','钱包',1623100016,'实验室','201706261959098125',3,1623410001,'2017-06-26 12:01:30','2017-06-26 12:11:20'),(20,'1004','2017-06-26 12:28:12','哥哥',1623100018,'哥哥','201706262028123390',3,1523100008,'2017-06-26 12:29:04','2017-06-26 12:31:05'),(21,'1001','2017-06-26 12:38:31','卡号:1623410001&姓名:小明',1623410001,'东区','201706262038313144',3,1623100016,'2017-06-26 12:39:29','2017-06-26 12:44:02'),(22,'1002','2017-06-27 02:48:02','粉笔',1623100000,'518','201706271048025432',0,NULL,NULL,NULL),(23,'1004','2017-11-16 02:44:09','高圆圆同款99.9',1234567890,'未知','201711161044093532',1,1623410003,'2018-04-28 06:55:22',NULL),(24,'1003','2018-04-28 08:23:44','f',1623410003,'ff','201804281623446347',0,NULL,NULL,NULL),(25,'1002','2018-04-28 08:59:39','333333',1623410003,'333333','201804281659399947',0,NULL,NULL,NULL);
/*!40000 ALTER TABLE `res_info` ENABLE KEYS */;
UNLOCK TABLES;

--
-- Table structure for table `stu_college`
--

DROP TABLE IF EXISTS `stu_college`;
/*!40101 SET @saved_cs_client     = @@character_set_client */;
/*!40101 SET character_set_client = utf8 */;
CREATE TABLE `stu_college` (
  `College_CODE` char(4) NOT NULL,
  `College_NAME` varchar(255) NOT NULL,
  `College_DESC` text,
  PRIMARY KEY (`College_CODE`)
) ENGINE=InnoDB DEFAULT CHARSET=gbk;
/*!40101 SET character_set_client = @saved_cs_client */;

--
-- Dumping data for table `stu_college`
--

LOCK TABLES `stu_college` WRITE;
/*!40000 ALTER TABLE `stu_college` DISABLE KEYS */;
INSERT INTO `stu_college` VALUES ('0001','信息学院',NULL),('0002','教育科学与管理学院',NULL),('0003','哲学与政法学院',NULL),('0004','文学院',NULL),('0005','历史与行政学院',NULL),('0006','外国语学院',NULL),('0007','音乐舞蹈学院',NULL),('0008','美术学院',NULL),('0009','体育学院/高尔夫学院',NULL),('0010','华文/国际汉语教育学院',NULL),('0011','经济与管理学院',NULL),('0012','MBA中心',NULL),('0013','泛商亚学院',NULL),('0014','马克思主义学院',NULL),('0015','传媒学院',NULL),('0016','国际学院',NULL),('0017','物理与电子信息学院',NULL),('0018','数学学院',NULL),('0019','化学化工学院',NULL),('0020','生命科学学院',NULL),('0021','旅游与地理科学学院',NULL),('0022','能源与环境科学学院（太阳能）',NULL),('0023','成人继续教育学院',NULL),('0024','职业技术教育学院',NULL),('0025','文理学院',NULL),('0026','商学院',NULL),('0027','云南纪检监察学院',NULL);
/*!40000 ALTER TABLE `stu_college` ENABLE KEYS */;
UNLOCK TABLES;

--
-- Table structure for table `user_stu`
--

DROP TABLE IF EXISTS `user_stu`;
/*!40101 SET @saved_cs_client     = @@character_set_client */;
/*!40101 SET character_set_client = utf8 */;
CREATE TABLE `user_stu` (
  `Stu_NO` int(11) NOT NULL,
  `Stu_PW` char(128) NOT NULL,
  `Stu_NAME` varchar(32) NOT NULL,
  `Stu_SEX` tinyint(1) NOT NULL,
  `Stu_DATE` date DEFAULT NULL,
  `Stu_TEL` char(11) NOT NULL,
  `Stu_EMAIL` varchar(255) DEFAULT NULL,
  `Stu_College_CODE` char(4) NOT NULL COMMENT ' ',
  `Stu_RT` timestamp NOT NULL DEFAULT CURRENT_TIMESTAMP,
  `Stu_STATUS` char(128) DEFAULT NULL,
  `Stu_MSG` int(2) DEFAULT NULL,
  `theme` varchar(10) DEFAULT NULL,
  PRIMARY KEY (`Stu_NO`),
  KEY `college` (`Stu_College_CODE`),
  CONSTRAINT `college` FOREIGN KEY (`Stu_College_CODE`) REFERENCES `stu_college` (`College_CODE`) ON DELETE NO ACTION ON UPDATE CASCADE
) ENGINE=InnoDB DEFAULT CHARSET=gbk;
/*!40101 SET character_set_client = @saved_cs_client */;

--
-- Dumping data for table `user_stu`
--

LOCK TABLES `user_stu` WRITE;
/*!40000 ALTER TABLE `user_stu` DISABLE KEYS */;
INSERT INTO `user_stu` VALUES (1234567890,'4297f44b13955235245b2497399d7a93','朱鹏',1,'2016-05-13','12345678900','185417081@qq.com','0001','2017-05-28 14:33:36','',NULL,'clc'),(1234567891,'633de4b0c14ca52ea2432a3c8a5c4c31','ff',0,'2017-06-08','12345678901','185417081@qq.com','0001','2017-06-21 16:09:00',NULL,NULL,NULL),(1234567892,'633de4b0c14ca52ea2432a3c8a5c4c31','ff',1,'2017-12-31','12345678911','185417081@qq.com','0018','2017-06-21 17:19:36',NULL,NULL,NULL),(1234567899,'eed8cdc400dfd4ec85dff70a170066b7','云蒸霞蔚',0,'2017-06-16','12345678911','185417081@qq.com','0002','2017-06-22 09:46:38','',NULL,NULL),(1523100007,'c8ad54116123bcb2b30baab631c0a4bd','黄瑶',0,'2017-06-27','13108636739','1512107351@qq.com','0001','2017-06-27 02:47:44','',NULL,NULL),(1523100008,'9391727c3396cfec1189c272d652e8b2','蛋蛋',1,'2017-06-12','15559867850','673735461@qq.com','0001','2017-06-12 07:12:27',NULL,NULL,NULL),(1623100000,'202cb962ac59075b964b07152d234b70','陶陶',1,'2017-06-06','15345682581','1924775471@qq.com','0001','2017-06-06 06:43:00',NULL,NULL,NULL),(1623100010,'202cb962ac59075b964b07152d234b70','爸爸',1,'2017-06-26','18487119976','2568325015@qq.com','0001','2017-06-26 08:59:19','',NULL,NULL),(1623100013,'33932d50e450ef3ccfbcf69ac9ba04e5','汪宁',1,'2017-06-26','18487268853','544834223@qq.com','0001','2017-06-26 10:54:08','',NULL,NULL),(1623100016,'96e79218965eb72c92a549dd5a330112','张楠',1,'2017-06-06','18487280208','516230040@qq.com','0001','2017-06-06 00:43:48',NULL,NULL,NULL),(1623100017,'984048368e6021500555be36deb91c80','高山',1,'1995-06-03','15559674235','542487832@qq.com','0001','2017-05-22 16:00:00',NULL,NULL,NULL),(1623100018,'9391727c3396cfec1189c272d652e8b2','解海燕',0,'1992-07-18','15508897181','xhy1992818@163.com','0001','2017-06-02 07:15:48',NULL,NULL,NULL),(1623100019,'670b14728ad9902aecba32e22fa4f6bd','董文娟',0,'1994-04-28','18468269171','630340196@qq.com','0001','2017-05-22 16:00:00',NULL,NULL,NULL),(1623100020,'670b14728ad9902aecba32e22fa4f6bd','李睿',0,'1993-03-01','18465258505','960283787@qq.com','0001','2017-05-22 16:00:00',NULL,NULL,NULL),(1623100025,'e10adc3949ba59abbe56e057f20f883e','磊磊',1,'2017-06-15','18314421234','9622730999@qq.com','0001','2017-06-13 00:40:31','',NULL,NULL),(1623410001,'96e79218965eb72c92a549dd5a330112','小明',1,'2017-03-08','13522564488','19128852684@qq.com','0006','2017-05-23 16:00:00',NULL,NULL,NULL),(1623410003,'e10adc3949ba59abbe56e057f20f883e','朱鹏',1,'2017-11-21','15087066190','iszhupeng@qq.com','0001','2017-11-16 02:29:56','',NULL,NULL),(1623410006,'1f998c640f4cad00bbe8efc78ccebaa7','周满满',1,'1994-10-29','18468252267','749901284@qq.com','0001','2017-06-02 07:08:29',NULL,NULL,NULL),(1623410009,'d4fcf0ace603f2b40a2eba714051695b','周大满',1,'2017-06-12','18468252267','749901284@qq.com','0001','2017-06-12 09:59:58','',NULL,NULL),(1854170810,'4297f44b13955235245b2497399d7a93','朱鹏',1,'2017-12-31','18541708123','185417081@qq.com','0007','2017-06-22 11:55:46','',NULL,NULL);
/*!40000 ALTER TABLE `user_stu` ENABLE KEYS */;
UNLOCK TABLES;

--
-- Dumping routines for database 'qdm192808596_db'
--
/*!40103 SET TIME_ZONE=@OLD_TIME_ZONE */;

/*!40101 SET SQL_MODE=@OLD_SQL_MODE */;
/*!40014 SET FOREIGN_KEY_CHECKS=@OLD_FOREIGN_KEY_CHECKS */;
/*!40014 SET UNIQUE_CHECKS=@OLD_UNIQUE_CHECKS */;
/*!40101 SET CHARACTER_SET_CLIENT=@OLD_CHARACTER_SET_CLIENT */;
/*!40101 SET CHARACTER_SET_RESULTS=@OLD_CHARACTER_SET_RESULTS */;
/*!40101 SET COLLATION_CONNECTION=@OLD_COLLATION_CONNECTION */;
/*!40111 SET SQL_NOTES=@OLD_SQL_NOTES */;

-- Dump completed on 2018-05-15 11:48:58
